{
  "status": "success",
  "model_name": "focused_chemprop_chemprop-comprehensive-production-20250731_044623",
  "analysis_timestamp": "2025-07-31T04:59:26.988294",
  "files_analyzed": 12,
  "model_path": "/vol/models/focused_chemprop_chemprop-comprehensive-production-20250731_044623",
  "dataset_statistics": {
    "EGFR": {
      "count": 688,
      "mean": 5.804072157602215,
      "std": 1.5733760358362314,
      "min": 3.0,
      "max": 11.221848749616356
    },
    "HER2": {
      "count": 637,
      "mean": 6.130921455819016,
      "std": 1.2558017720335501,
      "min": 3.3010299956639813,
      "max": 9.227965977824862
    },
    "VEGFR2": {
      "count": 775,
      "mean": 6.582088284019883,
      "std": 1.2312090614714641,
      "min": 4.0,
      "max": 9.69897000433602
    },
    "BRAF": {
      "count": 601,
      "mean": 6.251281642119087,
      "std": 1.5519825594699903,
      "min": 4.0,
      "max": 10.69897000433602
    },
    "MET": {
      "count": 489,
      "mean": 6.404243821433976,
      "std": 1.2136608282946924,
      "min": 3.6675615400843946,
      "max": 9.0
    },
    "CDK4": {
      "count": 348,
      "mean": 5.9677464766540895,
      "std": 1.0259782128243615,
      "min": 3.0,
      "max": 9.522878745280336
    },
    "CDK6": {
      "count": 600,
      "mean": 6.128487525698044,
      "std": 1.2041654967130384,
      "min": 3.096910013008056,
      "max": 8.744727494896694
    },
    "ALK": {
      "count": 326,
      "mean": 6.1851007814038255,
      "std": 1.345019145377275,
      "min": 4.0,
      "max": 9.397940008672036
    },
    "MDM2": {
      "count": 574,
      "mean": 5.737643228217179,
      "std": 1.3797711536372077,
      "min": 3.0185257042598663,
      "max": 10.0
    },
    "PI3KCA": {
      "count": 273,
      "mean": 5.584175299660759,
      "std": 1.2614901492899715,
      "min": 3.3010299956639813,
      "max": 8.698970004336019
    }
  },
  "chemberta_comparison": {
    "individual_r2": {
      "EGFR": 0.751,
      "MDM2": 0.655,
      "BRAF": 0.595,
      "PI3KCA": 0.588,
      "HER2": 0.583,
      "VEGFR2": 0.555,
      "MET": 0.502,
      "ALK": 0.405,
      "CDK4": 0.314,
      "CDK6": 0.216
    },
    "mean_r2": 0.516
  }
}