{
  "timestamp": "2025-08-01T07:08:52.966852",
  "total_tests": 10,
  "passed_tests": 7,
  "success_rate": 70.0,
  "results": {
    "Modal Connectivity": {
      "passed": false,
      "duration": 1.3589859008789062e-05
    },
    "Dependencies": {
      "passed": true,
      "duration": 0.705394983291626
    },
    "File Permissions": {
      "passed": true,
      "duration": 0.0003337860107421875
    },
    "W&B Integration": {
      "passed": true,
      "duration": 0.8246738910675049
    },
    "Modal Secrets": {
      "passed": false,
      "duration": 3.0279159545898438e-05
    },
    "Extraction App": {
      "passed": true,
      "duration": 0.14159464836120605
    },
    "ChemBERTa App": {
      "passed": true,
      "duration": 4.854439973831177
    },
    "Chemprop App": {
      "passed": true,
      "duration": 0.8070485591888428
    },
    "Backend Integration": {
      "passed": true,
      "duration": 0.21244287490844727
    },
    "Mini Extraction": {
      "passed": false,
      "duration": 0.03427529335021973
    }
  },
  "recommendation": "fix_issues"
}